codigo_mgn,nombre_municipio,google_total_docs,google_geometrias_cargadas,google_sin_geometria,google_geometria_invalida,microsoft_total_docs,microsoft_geometrias_cargadas,microsoft_sin_geometria,microsoft_geometria_invalida,microsoft_duplicados_google,microsoft_unicos,tasa_duplicacion_ms_google
05031,AMALFI,2983,2983,0,0,5845,5845,0,0,775,5070,0.132592
05040,ANORÍ,7652,7652,0,0,1695,1695,0,0,802,893,0.473156
05045,APARTADÓ,36337,36337,0,0,2652,2652,0,0,2111,541,0.796003
05107,BRICEÑO,3565,3565,0,0,3316,3316,0,0,787,2529,0.237334
05120,CÁCERES,12425,12425,0,0,6359,6359,0,0,3138,3221,0.493474
05147,CAREPA,16657,16657,0,0,7209,7209,0,0,4982,2227,0.691081
05154,CAUCASIA,30474,30474,0,0,10750,10750,0,0,7687,3063,0.71507
05172,CHIGORODÓ,18871,18871,0,0,8846,8846,0,0,5643,3203,0.637915
05234,DABEIBA,7696,7696,0,0,7911,7911,0,0,1982,5929,0.250537
05250,EL BAGRE,14768,14768,0,0,1751,1751,0,0,562,1189,0.320959
05361,ITUANGO,9063,9063,0,0,8361,8361,0,0,2445,5916,0.292429
05475,MURINDÓ,0,0,0,0,1331,1331,0,0,0,1331,0.0
05480,MUTATÁ,5537,5537,0,0,4295,4295,0,0,1713,2582,0.398836
05490,NECOCLÍ,32183,32183,0,0,10119,10119,0,0,5479,4640,0.541457
05495,NECHÍ,3492,3492,0,0,4519,4519,0,0,705,3814,0.156008
05604,REMEDIOS,13248,13248,0,0,5180,5180,0,0,2032,3148,0.392278
05665,SAN PEDRO DE URABA,22034,22034,0,0,3086,3086,0,0,1678,1408,0.543746
05736,SEGOVIA,16158,16158,0,0,1140,1140,0,0,26,1114,0.022807
05790,TARAZÁ,11438,11438,0,0,8427,8427,0,0,2712,5715,0.321823
05837,TURBO,78927,78927,0,0,28240,28240,0,0,17859,10381,0.632401
05854,VALDIVIA,6329,6329,0,0,4485,4485,0,0,1109,3376,0.247269
05873,VIGÍA DEL FUERTE,0,0,0,0,1714,1714,0,0,0,1714,0.0
05893,YONDÓ,10688,10688,0,0,7133,7133,0,0,4020,3113,0.563578
05895,ZARAGOZA,11188,11188,0,0,4,4,0,0,2,2,0.5
13042,ARENAL,7022,7022,0,0,3888,3888,0,0,2306,1582,0.593107
13160,CANTAGALLO,4822,4822,0,0,3936,3936,0,0,1577,2359,0.400661
13212,CÓRDOBA,10271,10271,0,0,5980,5980,0,0,3851,2129,0.64398
13244,EL CARMEN DE BOLÍVAR,38386,38386,0,0,24235,24235,0,0,16809,7426,0.693584
13248,EL GUAMO,4923,4923,0,0,3056,3056,0,0,2199,857,0.719568
13442,MARÍA LA BAJA,20569,20569,0,0,13881,13881,0,0,11056,2825,0.796484
13473,MORALES,11982,11982,0,0,6896,6896,0,0,5318,1578,0.771172
13654,SAN JACINTO,14706,14706,0,0,9088,9088,0,0,6368,2720,0.700704
13657,SAN JUAN NEPOMUCENO,21831,21831,0,0,11579,11579,0,0,9061,2518,0.782537
13670,SAN PABLO,15636,15636,0,0,9776,9776,0,0,5848,3928,0.5982
13688,SANTA ROSA DEL SUR,18908,18908,0,0,13933,13933,0,0,4290,9643,0.307902
13744,SIMITÍ,11018,11018,0,0,7194,7194,0,0,4652,2542,0.64665
13894,ZAMBRANO,6080,6080,0,0,3500,3500,0,0,2461,1039,0.703143
18001,FLORENCIA,58135,58135,0,0,26896,26896,0,0,18142,8754,0.674524
18029,ALBANIA,3012,3012,0,0,2096,2096,0,0,1177,919,0.561546
18094,BELÉN DE LOS ANDAQUÍES,5328,5328,0,0,3765,3765,0,0,1562,2203,0.414874
18150,CARTAGENA DEL CHAIRÁ,15932,15932,0,0,14037,14037,0,0,8022,6015,0.57149
18205,CURILLO,3856,3856,0,0,2503,2503,0,0,1175,1328,0.469437
18247,EL DONCELLO,9151,9151,0,0,5815,5815,0,0,3131,2684,0.538435
18256,EL PAUJIL,6283,6283,0,0,4686,4686,0,0,1505,3181,0.321169
18410,LA MONTAÑITA,9501,9501,0,0,7701,7701,0,0,2391,5310,0.310479
18460,MILÁN,3630,3630,0,0,3690,3690,0,0,1331,2359,0.360705
18479,MORELIA,2402,2402,0,0,1558,1558,0,0,782,776,0.501926
18592,PUERTO RICO,12306,12306,0,0,11430,11430,0,0,4364,7066,0.381802
18610,SAN JOSÉ DEL FRAGUA,5240,5240,0,0,4850,4850,0,0,1718,3132,0.354227
18753,SAN VICENTE DEL CAGUÁN,21599,21599,0,0,23587,23587,0,0,8344,15243,0.353754
18756,SOLANO,5708,5708,0,0,6171,6171,0,0,2663,3508,0.431535
18785,SOLITA,2992,2992,0,0,2508,2508,0,0,1578,930,0.629187
18860,VALPARAÍSO,4922,4922,0,0,4367,4367,0,0,1831,2536,0.419281
19050,ARGELIA,13691,13691,0,0,9940,9940,0,0,4253,5687,0.427867
19075,BALBOA,12679,12679,0,0,8853,8853,0,0,3672,5181,0.414775
19110,BUENOS AIRES,13439,13439,0,0,11444,11444,0,0,4630,6814,0.404579
19130,CAJIBÍO,41281,41281,0,0,23771,23771,0,0,17464,6307,0.734677
19137,CALDONO,15303,15303,0,0,12547,12547,0,0,5594,6953,0.445844
19142,CALOTO,12220,12220,0,0,9562,9562,0,0,5396,4166,0.564317
19212,CORINTO,10517,10517,0,0,8784,8784,0,0,3840,4944,0.437158
19256,EL TAMBO,38900,38900,0,0,34366,34366,0,0,11262,23104,0.327708
19318,GUAPI,6403,6403,0,0,5344,5344,0,0,3090,2254,0.578219
19364,JAMBALÓ,6514,6514,0,0,5065,5065,0,0,3217,1848,0.635143
19418,LÓPEZ,24,24,0,0,5967,5967,0,0,2,5965,0.000335
19450,MERCADERES,11486,11486,0,0,7167,7167,0,0,3130,4037,0.436724
19455,MIRANDA,10353,10353,0,0,6625,6625,0,0,4044,2581,0.610415
19473,MORALES,31057,31057,0,0,16396,16396,0,0,11336,5060,0.691388
19532,PATÍA,17995,17995,0,0,11031,11031,0,0,5544,5487,0.502584
19548,PIENDAMÓ,30220,30220,0,0,16673,16673,0,0,14705,1968,0.881965
19698,SANTANDER DE QUILICHAO,35691,35691,0,0,30841,30841,0,0,15974,14867,0.517947
19780,SUÁREZ,14544,14544,0,0,10556,10556,0,0,4205,6351,0.398352
19809,TIMBIQUÍ,5938,5938,0,0,5178,5178,0,0,2006,3172,0.387408
19821,TORIBIO,11452,11452,0,0,10253,10253,0,0,3974,6279,0.387594
20001,VALLEDUPAR,171425,171425,0,0,14969,14969,0,0,6583,8386,0.439776
20013,AGUSTÍN CODAZZI,34733,34733,0,0,2575,2575,0,0,1665,910,0.646602
20045,BECERRIL,12958,12958,0,0,8000,8000,0,0,4959,3041,0.619875
20400,LA JAGUA DE IBIRICO,20110,20110,0,0,14624,14624,0,0,9026,5598,0.617205
20443,MANAURE BALCÓN DEL CESAR,5951,5951,0,0,3441,3441,0,0,2138,1303,0.621331
20570,PUEBLO BELLO,15833,15833,0,0,1592,1592,0,0,264,1328,0.165829
20621,LA PAZ,20413,20413,0,0,3539,3539,0,0,1373,2166,0.387963
20750,SAN DIEGO,12205,12205,0,0,48,48,0,0,34,14,0.708333
23466,MONTELÍBANO,28089,28089,0,0,18723,18723,0,0,10632,8091,0.567858
23580,PUERTO LIBERTADOR,14553,14553,0,0,13728,13728,0,0,5643,8085,0.411058
23682,SAN JOSE DE URE,4028,4028,0,0,4003,4003,0,0,1703,2300,0.425431
23807,TIERRALTA,43123,43123,0,0,4190,4190,0,0,2043,2147,0.487589
23855,VALENCIA,25094,25094,0,0,0,0,0,0,0,0,0.0
27006,ACANDÍ,6395,6395,0,0,2010,2010,0,0,303,1707,0.150746
27099,BOJAYA,0,0,0,0,2004,2004,0,0,0,2004,0.0
27150,CARMEN DEL DARIEN,281,281,0,0,3832,3832,0,0,26,3806,0.006785
27205,CONDOTO,239,239,0,0,141,141,0,0,13,128,0.092199
27250,EL LITORAL DEL SAN JUAN,309,309,0,0,1067,1067,0,0,11,1056,0.010309
27361,ISTMINA,6766,6766,0,0,24,24,0,0,10,14,0.416667
27425,MEDIO ATRATO,313,313,0,0,1615,1615,0,0,175,1440,0.108359
27450,MEDIO SAN JUAN,0,0,0,0,0,0,0,0,0,0,0.0
27491,NÓVITA,0,0,0,0,907,907,0,0,0,907,0.0
27615,RIOSUCIO,1000,1000,0,0,6107,6107,0,0,402,5705,0.065826
27745,SIPÍ,1,1,0,0,319,319,0,0,0,319,0.0
27800,UNGUÍA,5418,5418,0,0,5986,5986,0,0,2227,3759,0.372035
41020,ALGECIRAS,12338,12338,0,0,8278,8278,0,0,4980,3298,0.601595
44090,DIBULLA,23094,23094,0,0,12003,12003,0,0,7500,4503,0.624844
44279,FONSECA,23632,23632,0,0,13332,13332,0,0,7059,6273,0.529478
44650,SAN JUAN DEL CESAR,28564,28564,0,0,15579,15579,0,0,9117,6462,0.585211
47001,SANTA MARTA,183652,183652,0,0,67663,67663,0,0,43213,24450,0.63865
47053,ARACATACA,19780,19780,0,0,9652,9652,0,0,6622,3030,0.686075
47189,CIÉNAGA,42068,42068,0,0,21990,21990,0,0,14860,7130,0.675762
47288,FUNDACIÓN,30591,30591,0,0,15059,15059,0,0,11092,3967,0.736569
50325,MAPIRIPÁN,6776,6776,0,0,4059,4059,0,0,1965,2094,0.484109
50330,MESETAS,5795,5795,0,0,6706,6706,0,0,1956,4750,0.291679
50350,LA MACARENA,9900,9900,0,0,12894,12894,0,0,4111,8783,0.31883
50370,URIBE,3567,3567,0,0,6705,6705,0,0,890,5815,0.132737
50450,PUERTO CONCORDIA,5893,5893,0,0,3682,3682,0,0,2419,1263,0.65698
50577,PUERTO LLERAS,6595,6595,0,0,5569,5569,0,0,2782,2787,0.499551
50590,PUERTO RICO,9290,9290,0,0,7420,7420,0,0,4450,2970,0.59973
50711,VISTA HERMOSA,12234,12234,0,0,9989,9989,0,0,5952,4037,0.595855
52079,BARBACOAS,6234,6234,0,0,8429,8429,0,0,2190,6239,0.259817
52233,CUMBITARA,5350,5350,0,0,3975,3975,0,0,1854,2121,0.466415
52250,EL CHARCO,5210,5210,0,0,6503,6503,0,0,2378,4125,0.365677
52256,EL ROSARIO,7594,7594,0,0,4855,4855,0,0,1856,2999,0.382286
52390,LA TOLA,2009,2009,0,0,1510,1510,0,0,830,680,0.549669
52405,LEIVA,6096,6096,0,0,3980,3980,0,0,939,3041,0.23593
52418,LOS ANDES,7184,7184,0,0,3875,3875,0,0,869,3006,0.224258
52427,MAGÜI,2548,2548,0,0,3442,3442,0,0,1107,2335,0.321615
52473,MOSQUERA,597,597,0,0,1731,1731,0,0,208,1523,0.120162
52490,OLAYA HERRERA,1208,1208,0,0,4394,4394,0,0,143,4251,0.032544
52520,FRANCISCO PIZARRO,656,656,0,0,1845,1845,0,0,137,1708,0.074255
52540,POLICARPA,7628,7628,0,0,5303,5303,0,0,1809,3494,0.341128
52612,RICAURTE,196,196,0,0,4878,4878,0,0,20,4858,0.0041
52621,ROBERTO PAYÁN,364,364,0,0,2501,2501,0,0,101,2400,0.040384
52696,SANTA BÁRBARA,1505,1505,0,0,2488,2488,0,0,615,1873,0.247186
52835,SAN ANDRES DE TUMACO,50493,50493,0,0,41423,41423,0,0,16430,24993,0.39664
54206,CONVENCIÓN,14277,14277,0,0,8465,8465,0,0,4200,4265,0.496161
54245,EL CARMEN,8903,8903,0,0,5884,5884,0,0,2963,2921,0.503569
54250,EL TARRA,9826,9826,0,0,10956,10956,0,0,4485,6471,0.409365
54344,HACARÍ,6756,6756,0,0,4874,4874,0,0,3016,1858,0.618794
54670,SAN CALIXTO,7736,7736,0,0,5360,5360,0,0,2128,3232,0.397015
54720,SARDINATA,13388,13388,0,0,10090,10090,0,0,4911,5179,0.48672
54800,TEORAMA,10550,10550,0,0,8525,8525,0,0,3190,5335,0.374194
54810,TIBÚ,32843,32843,0,0,35478,35478,0,0,13346,22132,0.376177
70204,COLOSO,6278,6278,0,0,3999,3999,0,0,3389,610,0.847462
70230,CHALÁN,3144,3144,0,0,1902,1902,0,0,1251,651,0.657729
70418,LOS PALMITOS,13792,13792,0,0,7011,7011,0,0,5128,1883,0.731422
70473,MORROA,10424,10424,0,0,5015,5015,0,0,3505,1510,0.698903
70508,OVEJAS,16588,16588,0,0,9648,9648,0,0,6321,3327,0.655162
70523,SAN ANTONIO DE PALMITO,8938,8938,0,0,4812,4812,0,0,4392,420,0.912718
70713,SAN ONOFRE,24614,24614,0,0,17348,17348,0,0,12836,4512,0.739912
70823,TOLÚ VIEJO,15330,15330,0,0,8333,8333,0,0,6706,1627,0.804752
73067,ATACO,5354,5354,0,0,10931,10931,0,0,1474,9457,0.134846
73168,CHAPARRAL,18703,18703,0,0,16849,16849,0,0,6852,9997,0.406671
73555,PLANADAS,7276,7276,0,0,11274,11274,0,0,1790,9484,0.158772
73616,RIOBLANCO,1329,1329,0,0,9018,9018,0,0,397,8621,0.044023
76109,BUENAVENTURA,103890,103890,0,0,33020,33020,0,0,18668,14352,0.565354
76275,FLORIDA,14231,14231,0,0,8374,8374,0,0,5098,3276,0.608789
76563,PRADERA,12953,12953,0,0,7428,7428,0,0,4650,2778,0.62601
81065,ARAUQUITA,35077,35077,0,0,27815,27815,0,0,13146,14669,0.472623
81300,FORTUL,15564,15564,0,0,9760,9760,0,0,5613,4147,0.575102
81736,SARAVENA,25140,25140,0,0,16141,16141,0,0,8135,8006,0.503996
81794,TAME,35958,35958,0,0,20958,20958,0,0,9377,11581,0.447419
86001,MOCOA,22816,22816,0,0,12229,12229,0,0,7775,4454,0.635784
86320,ORITO,18074,18074,0,0,17840,17840,0,0,6065,11775,0.339966
86568,PUERTO ASÍS,27581,27581,0,0,21234,21234,0,0,11234,10000,0.529057
86569,PUERTO CAICEDO,7768,7768,0,0,6093,6093,0,0,3143,2950,0.515838
86571,PUERTO GUZMÁN,8326,8326,0,0,10745,10745,0,0,2915,7830,0.271289
86573,LEGUÍZAMO,2898,2898,0,0,7850,7850,0,0,1067,6783,0.135924
86757,SAN MIGUEL,12160,12160,0,0,8558,8558,0,0,4794,3764,0.560178
86865,VALLE DEL GUAMUEZ,16228,16228,0,0,14349,14349,0,0,6016,8333,0.419263
86885,VILLAGARZÓN,13366,13366,0,0,9550,9550,0,0,3765,5785,0.394241
95001,SAN JOSÉ DEL GUAVIARE,32695,32695,0,0,21446,21446,0,0,12871,8575,0.600159
95015,CALAMAR,5708,5708,0,0,5411,5411,0,0,1727,3684,0.319165
95025,EL RETORNO,11332,11332,0,0,8453,8453,0,0,4238,4215,0.50136
95200,MIRAFLORES,3670,3670,0,0,1773,1773,0,0,967,806,0.545403
