codigo_mgn,nombre_municipio,departamento,subregion_pdet,google_edificios,google_area_m2,microsoft_edificios_original,microsoft_area_m2_original,microsoft_duplicados_con_google,microsoft_unicos_agregados,microsoft_area_m2_unica_agregada,total_edificios_sin_duplicados,total_area_m2_sin_duplicados,overlap_min_ratio,fuente_prioritaria
05031,AMALFI,,BAJO CAUCA Y NORDESTE ANTIOQUEÑO,2983,184780.47,5845,800822.9,775,5070,711771.09,8053,896551.56,0.5,google
05040,ANORÍ,,BAJO CAUCA Y NORDESTE ANTIOQUEÑO,7652,492328.57,1695,153525.3,802,893,75423.57,8545,567752.14,0.5,google
05045,APARTADÓ,,URABÁ ANTIOQUEÑO,36337,3599828.36,2652,476181.7,2111,541,30279.71,36878,3630108.07,0.5,google
05107,BRICEÑO,,BAJO CAUCA Y NORDESTE ANTIOQUEÑO,3565,208235.2,3316,295078.0,787,2529,200444.21,6094,408679.41,0.5,google
05120,CÁCERES,,BAJO CAUCA Y NORDESTE ANTIOQUEÑO,12425,968384.31,6359,672291.45,3138,3221,242993.83,15646,1211378.14,0.5,google
05147,CAREPA,,URABÁ ANTIOQUEÑO,16657,1723540.27,7209,1429135.03,4982,2227,185349.63,18884,1908889.9,0.5,google
05154,CAUCASIA,,BAJO CAUCA Y NORDESTE ANTIOQUEÑO,30474,2759529.85,10750,1875380.93,7687,3063,213863.07,33537,2973392.92,0.5,google
05172,CHIGORODÓ,,URABÁ ANTIOQUEÑO,18871,1879754.55,8846,1610024.59,5643,3203,249224.35,22074,2128978.9,0.5,google
05234,DABEIBA,,URABÁ ANTIOQUEÑO,7696,504801.46,7911,722954.9,1982,5929,404886.21,13625,909687.67,0.5,google
05250,EL BAGRE,,BAJO CAUCA Y NORDESTE ANTIOQUEÑO,14768,1308376.95,1751,105870.57,562,1189,63222.06,15957,1371599.01,0.5,google
05361,ITUANGO,,BAJO CAUCA Y NORDESTE ANTIOQUEÑO,9063,625232.91,8361,754570.87,2445,5916,396551.98,14979,1021784.89,0.5,google
05475,MURINDÓ,,CHOCÓ,0,0.0,1331,110248.52,0,1331,110248.52,1331,110248.52,0.5,google
05480,MUTATÁ,,URABÁ ANTIOQUEÑO,5537,468359.39,4295,465526.05,1713,2582,201442.02,8119,669801.41,0.5,google
05490,NECOCLÍ,,URABÁ ANTIOQUEÑO,32183,2340769.38,10119,776619.55,5479,4640,259097.89,36823,2599867.27,0.5,google
05495,NECHÍ,,BAJO CAUCA Y NORDESTE ANTIOQUEÑO,3492,230859.08,4519,354127.2,705,3814,293048.89,7306,523907.97,0.5,google
05604,REMEDIOS,,BAJO CAUCA Y NORDESTE ANTIOQUEÑO,13248,958174.8,5180,458981.65,2032,3148,235379.55,16396,1193554.35,0.5,google
05665,SAN PEDRO DE URABA,,URABÁ ANTIOQUEÑO,22034,1640750.64,3086,271717.85,1678,1408,92573.7,23442,1733324.34,0.5,google
05736,SEGOVIA,,BAJO CAUCA Y NORDESTE ANTIOQUEÑO,16158,1190207.16,1140,98403.28,26,1114,96180.68,17272,1286387.84,0.5,google
05790,TARAZÁ,,BAJO CAUCA Y NORDESTE ANTIOQUEÑO,11438,813707.77,8427,878742.09,2712,5715,470808.31,17153,1284516.08,0.5,google
05837,TURBO,,URABÁ ANTIOQUEÑO,78927,6036411.11,28240,3189172.78,17859,10381,709058.07,89308,6745469.18,0.5,google
05854,VALDIVIA,,BAJO CAUCA Y NORDESTE ANTIOQUEÑO,6329,438261.21,4485,380713.92,1109,3376,262269.01,9705,700530.22,0.5,google
05873,VIGÍA DEL FUERTE,,CHOCÓ,0,0.0,1714,162763.2,0,1714,162763.2,1714,162763.2,0.5,google
05893,YONDÓ,,SUR DE BOLÍVAR,10688,885311.38,7133,865296.28,4020,3113,253935.69,13801,1139247.07,0.5,google
05895,ZARAGOZA,,BAJO CAUCA Y NORDESTE ANTIOQUEÑO,11188,729026.66,4,255.94,2,2,159.5,11190,729186.16,0.5,google
13042,ARENAL,,SUR DE BOLÍVAR,7022,491995.58,3888,354688.87,2306,1582,98434.63,8604,590430.21,0.5,google
13160,CANTAGALLO,,SUR DE BOLÍVAR,4822,337104.88,3936,378708.64,1577,2359,166138.52,7181,503243.4,0.5,google
13212,CÓRDOBA,,MONTES DE MARÍA,10271,674229.79,5980,495634.95,3851,2129,118114.77,12400,792344.56,0.5,google
13244,EL CARMEN DE BOLÍVAR,,MONTES DE MARÍA,38386,2541160.53,24235,2189240.2,16809,7426,382704.48,45812,2923865.01,0.5,google
13248,EL GUAMO,,MONTES DE MARÍA,4923,368800.06,3056,292713.73,2199,857,49096.29,5780,417896.35,0.5,google
13442,MARÍA LA BAJA,,MONTES DE MARÍA,20569,1454945.48,13881,1323983.23,11056,2825,162126.48,23394,1617071.96,0.5,google
13473,MORALES,,SUR DE BOLÍVAR,11982,876518.4,6896,704421.12,5318,1578,97730.83,13560,974249.23,0.5,google
13654,SAN JACINTO,,MONTES DE MARÍA,14706,972149.96,9088,870540.98,6368,2720,143806.17,17426,1115956.13,0.5,google
13657,SAN JUAN NEPOMUCENO,,MONTES DE MARÍA,21831,1440628.47,11579,1194791.67,9061,2518,139557.6,24349,1580186.07,0.5,google
13670,SAN PABLO,,SUR DE BOLÍVAR,15636,1114137.81,9776,1117607.87,5848,3928,284323.26,19564,1398461.07,0.5,google
13688,SANTA ROSA DEL SUR,,SUR DE BOLÍVAR,18908,1483394.81,13933,1603908.36,4290,9643,755759.2,28551,2239154.01,0.5,google
13744,SIMITÍ,,SUR DE BOLÍVAR,11018,838015.51,7194,803078.16,4652,2542,176504.53,13560,1014520.04,0.5,google
13894,ZAMBRANO,,MONTES DE MARÍA,6080,440639.47,3500,353037.46,2461,1039,59565.74,7119,500205.21,0.5,google
18001,FLORENCIA,,CUENCA DEL CAGUÁN Y PIEDEMONTE CAQUETEÑO,58135,7334010.74,26896,6683829.91,18142,8754,607244.57,66889,7941255.31,0.5,google
18029,ALBANIA,,CUENCA DEL CAGUÁN Y PIEDEMONTE CAQUETEÑO,3012,329800.19,2096,350136.85,1177,919,96691.5,3931,426491.69,0.5,google
18094,BELÉN DE LOS ANDAQUÍES,,CUENCA DEL CAGUÁN Y PIEDEMONTE CAQUETEÑO,5328,572601.41,3765,575875.92,1562,2203,173478.37,7531,746079.78,0.5,google
18150,CARTAGENA DEL CHAIRÁ,,CUENCA DEL CAGUÁN Y PIEDEMONTE CAQUETEÑO,15932,1849062.77,14037,2140262.26,8022,6015,596005.74,21947,2445068.51,0.5,google
18205,CURILLO,,CUENCA DEL CAGUÁN Y PIEDEMONTE CAQUETEÑO,3856,396521.06,2503,393675.82,1175,1328,119906.01,5184,516427.07,0.5,google
18247,EL DONCELLO,,CUENCA DEL CAGUÁN Y PIEDEMONTE CAQUETEÑO,9151,1178818.13,5815,1154345.41,3131,2684,260306.32,11835,1439124.45,0.5,google
18256,EL PAUJIL,,CUENCA DEL CAGUÁN Y PIEDEMONTE CAQUETEÑO,6283,736039.03,4686,798020.48,1505,3181,356051.29,9464,1092090.32,0.5,google
18410,LA MONTAÑITA,,CUENCA DEL CAGUÁN Y PIEDEMONTE CAQUETEÑO,9501,927367.91,7701,977897.71,2391,5310,476943.52,14811,1404311.43,0.5,google
18460,MILÁN,,CUENCA DEL CAGUÁN Y PIEDEMONTE CAQUETEÑO,3630,363148.13,3690,533021.15,1331,2359,256188.24,5989,619336.37,0.5,google
18479,MORELIA,,CUENCA DEL CAGUÁN Y PIEDEMONTE CAQUETEÑO,2402,274564.25,1558,249867.08,782,776,72663.52,3178,347227.77,0.5,google
18592,PUERTO RICO,,CUENCA DEL CAGUÁN Y PIEDEMONTE CAQUETEÑO,12306,1321342.94,11430,1746377.49,4364,7066,680727.33,19372,2002070.27,0.5,google
18610,SAN JOSÉ DEL FRAGUA,,CUENCA DEL CAGUÁN Y PIEDEMONTE CAQUETEÑO,5240,524907.69,4850,623892.75,1718,3132,269193.6,8372,794101.29,0.5,google
18753,SAN VICENTE DEL CAGUÁN,,CUENCA DEL CAGUÁN Y PIEDEMONTE CAQUETEÑO,21599,2547893.85,23587,3756489.48,8344,15243,1917607.88,36842,4465501.73,0.5,google
18756,SOLANO,,CUENCA DEL CAGUÁN Y PIEDEMONTE CAQUETEÑO,5708,575625.73,6171,711838.04,2663,3508,280593.01,9216,856218.74,0.5,google
18785,SOLITA,,CUENCA DEL CAGUÁN Y PIEDEMONTE CAQUETEÑO,2992,306588.06,2508,322018.44,1578,930,98300.84,3922,404888.9,0.5,google
18860,VALPARAÍSO,,CUENCA DEL CAGUÁN Y PIEDEMONTE CAQUETEÑO,4922,536976.25,4367,634320.35,1831,2536,277866.65,7458,814842.9,0.5,google
19050,ARGELIA,,ALTO PATÍA Y NORTE DEL CAUCA,13691,976347.96,9940,1040477.78,4253,5687,436134.18,19378,1412482.14,0.5,google
19075,BALBOA,,ALTO PATÍA Y NORTE DEL CAUCA,12679,882242.35,8853,900352.57,3672,5181,367396.41,17860,1249638.76,0.5,google
19110,BUENOS AIRES,,ALTO PATÍA Y NORTE DEL CAUCA,13439,1079903.46,11444,1127879.21,4630,6814,518373.48,20253,1598276.94,0.5,google
19130,CAJIBÍO,,ALTO PATÍA Y NORTE DEL CAUCA,41281,2573777.82,23771,2270334.69,17464,6307,366093.58,47588,2939871.4,0.5,google
19137,CALDONO,,ALTO PATÍA Y NORTE DEL CAUCA,15303,1235068.39,12547,1179455.99,5594,6953,531949.73,22256,1767018.12,0.5,google
19142,CALOTO,,ALTO PATÍA Y NORTE DEL CAUCA,12220,1288623.58,9562,1236460.31,5396,4166,316450.99,16386,1605074.57,0.5,google
19212,CORINTO,,ALTO PATÍA Y NORTE DEL CAUCA,10517,901540.68,8784,1021920.92,3840,4944,379826.22,15461,1281366.9,0.5,google
19256,EL TAMBO,,ALTO PATÍA Y NORTE DEL CAUCA,38900,2449152.18,34366,3051941.0,11262,23104,1613288.68,62004,4062440.86,0.5,google
19318,GUAPI,,PACÍFICO MEDIO,6403,537166.29,5344,564062.43,3090,2254,173910.83,8657,711077.12,0.5,google
19364,JAMBALÓ,,ALTO PATÍA Y NORTE DEL CAUCA,6514,413708.23,5065,430806.9,3217,1848,119749.22,8362,533457.45,0.5,google
19418,LÓPEZ,,PACÍFICO MEDIO,24,1033.28,5967,511444.52,2,5965,511186.91,5989,512220.19,0.5,google
19450,MERCADERES,,ALTO PATÍA Y NORTE DEL CAUCA,11486,904723.62,7167,789044.43,3130,4037,298260.03,15523,1202983.65,0.5,google
19455,MIRANDA,,ALTO PATÍA Y NORTE DEL CAUCA,10353,1211334.24,6625,1056563.63,4044,2581,195398.53,12934,1406732.77,0.5,google
19473,MORALES,,ALTO PATÍA Y NORTE DEL CAUCA,31057,1965301.82,16396,1487640.96,11336,5060,281795.46,36117,2247097.28,0.5,google
19532,PATÍA,,ALTO PATÍA Y NORTE DEL CAUCA,17995,1497775.72,11031,1359599.37,5544,5487,396375.14,23482,1894150.86,0.5,google
19548,PIENDAMÓ,,ALTO PATÍA Y NORTE DEL CAUCA,30220,2622820.81,16673,2217359.97,14705,1968,146914.46,32188,2769735.27,0.5,google
19698,SANTANDER DE QUILICHAO,,ALTO PATÍA Y NORTE DEL CAUCA,35691,3842935.1,30841,4234663.51,15974,14867,1375602.83,50558,5218537.93,0.5,google
19780,SUÁREZ,,ALTO PATÍA Y NORTE DEL CAUCA,14544,890893.92,10556,926119.21,4205,6351,442678.77,20895,1333572.69,0.5,google
19809,TIMBIQUÍ,,PACÍFICO MEDIO,5938,450872.12,5178,560380.89,2006,3172,268115.96,9110,718988.08,0.5,google
19821,TORIBIO,,ALTO PATÍA Y NORTE DEL CAUCA,11452,779021.93,10253,901024.59,3974,6279,470326.22,17731,1249348.15,0.5,google
20001,VALLEDUPAR,,SIERRA NEVADA - PERIJÁ,171425,15306269.53,14969,1527932.73,6583,8386,395061.78,179811,15701331.31,0.5,google
20013,AGUSTÍN CODAZZI,,SIERRA NEVADA - PERIJÁ,34733,2699284.28,2575,192102.86,1665,910,56253.02,35643,2755537.3,0.5,google
20045,BECERRIL,,SIERRA NEVADA - PERIJÁ,12958,922818.81,8000,793821.93,4959,3041,166738.84,15999,1089557.65,0.5,google
20400,LA JAGUA DE IBIRICO,,SIERRA NEVADA - PERIJÁ,20110,1640398.04,14624,1669986.71,9026,5598,350219.63,25708,1990617.67,0.5,google
20443,MANAURE BALCÓN DEL CESAR,,SIERRA NEVADA - PERIJÁ,5951,461127.77,3441,421247.27,2138,1303,92145.98,7254,553273.75,0.5,google
20570,PUEBLO BELLO,,SIERRA NEVADA - PERIJÁ,15833,983498.53,1592,78705.21,264,1328,52731.93,17161,1036230.46,0.5,google
20621,LA PAZ,,SIERRA NEVADA - PERIJÁ,20413,1372123.08,3539,335383.09,1373,2166,156687.92,22579,1528811.0,0.5,google
20750,SAN DIEGO,,SIERRA NEVADA - PERIJÁ,12205,899234.85,48,4043.88,34,14,882.37,12219,900117.22,0.5,google
23466,MONTELÍBANO,,SUR DE CÓRDOBA,28089,2506824.18,18723,2498713.98,10632,8091,628632.82,36180,3135457.0,0.5,google
23580,PUERTO LIBERTADOR,,SUR DE CÓRDOBA,14553,1128174.75,13728,1260961.08,5643,8085,557204.66,22638,1685379.41,0.5,google
23682,SAN JOSE DE URE,,SUR DE CÓRDOBA,4028,271056.41,4003,364123.26,1703,2300,161056.98,6328,432113.39,0.5,google
23807,TIERRALTA,,SUR DE CÓRDOBA,43123,3078702.71,4190,345709.21,2043,2147,131228.98,45270,3209931.69,0.5,google
23855,VALENCIA,,SUR DE CÓRDOBA,25094,1711622.33,0,0.0,0,0,0.0,25094,1711622.33,0.5,google
27006,ACANDÍ,,CHOCÓ,6395,463386.29,2010,180312.01,303,1707,143053.1,8102,606439.39,0.5,google
27099,BOJAYA,,CHOCÓ,0,0.0,2004,172831.14,0,2004,172831.14,2004,172831.14,0.5,google
27150,CARMEN DEL DARIEN,,CHOCÓ,281,12611.78,3832,307925.64,26,3806,306112.01,4087,318723.79,0.5,google
27205,CONDOTO,,CHOCÓ,239,18001.88,141,11090.64,13,128,9841.66,367,27843.54,0.5,google
27250,EL LITORAL DEL SAN JUAN,,CHOCÓ,309,38131.48,1067,100736.31,11,1056,99430.2,1365,137561.68,0.5,google
27361,ISTMINA,,CHOCÓ,6766,668940.19,24,1882.31,10,14,820.62,6780,669760.81,0.5,google
27425,MEDIO ATRATO,,CHOCÓ,313,19420.56,1615,155758.71,175,1440,141845.84,1753,161266.4,0.5,google
27450,MEDIO SAN JUAN,,CHOCÓ,0,0.0,0,0.0,0,0,0.0,0,0.0,0.5,google
27491,NÓVITA,,CHOCÓ,0,0.0,907,92695.52,0,907,92695.52,907,92695.52,0.5,google
27615,RIOSUCIO,,CHOCÓ,1000,55743.69,6107,500468.33,402,5705,463334.36,6705,519078.05,0.5,google
27745,SIPÍ,,CHOCÓ,1,9.84,319,21806.13,0,319,21806.13,320,21815.97,0.5,google
27800,UNGUÍA,,CHOCÓ,5418,452923.86,5986,540767.42,2227,3759,260987.5,9177,713911.36,0.5,google
41020,ALGECIRAS,,CUENCA DEL CAGUÁN Y PIEDEMONTE CAQUETEÑO,12338,1125460.66,8278,916330.89,4980,3298,227929.4,15636,1353390.06,0.5,google
44090,DIBULLA,,SIERRA NEVADA - PERIJÁ,23094,1319788.85,12003,956486.5,7500,4503,241443.07,27597,1561231.92,0.5,google
44279,FONSECA,,SIERRA NEVADA - PERIJÁ,23632,1697365.83,13332,1543214.11,7059,6273,380536.99,29905,2077902.82,0.5,google
44650,SAN JUAN DEL CESAR,,SIERRA NEVADA - PERIJÁ,28564,2011270.04,15579,1722984.31,9117,6462,368031.91,35026,2379301.95,0.5,google
47001,SANTA MARTA,,SIERRA NEVADA - PERIJÁ,183652,15966845.25,67663,14207992.34,43213,24450,1869332.25,208102,17836177.5,0.5,google
47053,ARACATACA,,SIERRA NEVADA - PERIJÁ,19780,1705776.82,9652,967181.01,6622,3030,160155.77,22810,1865932.59,0.5,google
47189,CIÉNAGA,,SIERRA NEVADA - PERIJÁ,42068,3955667.01,21990,3473952.89,14860,7130,478970.25,49198,4434637.26,0.5,google
47288,FUNDACIÓN,,SIERRA NEVADA - PERIJÁ,30591,2522223.39,15059,1888534.25,11092,3967,206434.83,34558,2728658.22,0.5,google
50325,MAPIRIPÁN,,MACARENA - GUAVIARE,6776,513115.74,4059,434827.4,1965,2094,165485.56,8870,678601.3,0.5,google
50330,MESETAS,,MACARENA - GUAVIARE,5795,534441.59,6706,819259.5,1956,4750,445071.07,10545,979512.66,0.5,google
50350,LA MACARENA,,MACARENA - GUAVIARE,9900,1054833.66,12894,1788025.39,4111,8783,1069593.19,18683,2124426.85,0.5,google
50370,URIBE,,MACARENA - GUAVIARE,3567,294460.56,6705,704835.39,890,5815,566065.19,9382,860525.75,0.5,google
50450,PUERTO CONCORDIA,,MACARENA - GUAVIARE,5893,470322.46,3682,385037.19,2419,1263,82357.87,7156,552680.33,0.5,google
50577,PUERTO LLERAS,,MACARENA - GUAVIARE,6595,574223.52,5569,647915.67,2782,2787,234683.36,9382,808906.88,0.5,google
50590,PUERTO RICO,,MACARENA - GUAVIARE,9290,746226.62,7420,782480.79,4450,2970,227517.04,12260,973743.66,0.5,google
50711,VISTA HERMOSA,,MACARENA - GUAVIARE,12234,1075514.16,9989,1091878.68,5952,4037,284099.33,16271,1359613.49,0.5,google
52079,BARBACOAS,,PACÍFICO Y FRONTERA NARIÑENSE,6234,450810.86,8429,829711.42,2190,6239,466288.64,12473,917099.5,0.5,google
52233,CUMBITARA,,ALTO PATÍA Y NORTE DEL CAUCA,5350,356441.99,3975,364685.9,1854,2121,148112.39,7471,504554.38,0.5,google
52250,EL CHARCO,,PACÍFICO Y FRONTERA NARIÑENSE,5210,368789.83,6503,615121.32,2378,4125,326266.21,9335,695056.04,0.5,google
52256,EL ROSARIO,,ALTO PATÍA Y NORTE DEL CAUCA,7594,450650.77,4855,401191.47,1856,2999,199964.45,10593,650615.22,0.5,google
52390,LA TOLA,,PACÍFICO Y FRONTERA NARIÑENSE,2009,157891.57,1510,157539.96,830,680,54902.43,2689,212794.0,0.5,google
52405,LEIVA,,ALTO PATÍA Y NORTE DEL CAUCA,6096,393253.5,3980,375343.01,939,3041,231752.49,9137,625005.99,0.5,google
52418,LOS ANDES,,ALTO PATÍA Y NORTE DEL CAUCA,7184,417755.71,3875,303296.99,869,3006,209878.96,10190,627634.67,0.5,google
52427,MAGÜI,,PACÍFICO Y FRONTERA NARIÑENSE,2548,235262.11,3442,400357.62,1107,2335,209983.13,4883,445245.24,0.5,google
52473,MOSQUERA,,PACÍFICO Y FRONTERA NARIÑENSE,597,39962.92,1731,186676.47,208,1523,160043.0,2120,200005.92,0.5,google
52490,OLAYA HERRERA,,PACÍFICO Y FRONTERA NARIÑENSE,1208,73159.76,4394,451502.32,143,4251,435901.54,5459,509061.3,0.5,google
52520,FRANCISCO PIZARRO,,PACÍFICO Y FRONTERA NARIÑENSE,656,41714.7,1845,169587.92,137,1708,157514.63,2364,199229.33,0.5,google
52540,POLICARPA,,ALTO PATÍA Y NORTE DEL CAUCA,7628,506467.79,5303,485235.38,1809,3494,251065.86,11122,757533.65,0.5,google
52612,RICAURTE,,PACÍFICO Y FRONTERA NARIÑENSE,196,10848.92,4878,359098.21,20,4858,357264.68,5054,368113.6,0.5,google
52621,ROBERTO PAYÁN,,PACÍFICO Y FRONTERA NARIÑENSE,364,24444.65,2501,218362.91,101,2400,206769.14,2764,231213.79,0.5,google
52696,SANTA BÁRBARA,,PACÍFICO Y FRONTERA NARIÑENSE,1505,105482.72,2488,260830.14,615,1873,168959.38,3378,274442.1,0.5,google
52835,SAN ANDRES DE TUMACO,,PACÍFICO Y FRONTERA NARIÑENSE,50493,3793315.73,41423,4524735.4,16430,24993,2162482.71,75486,5955798.44,0.5,google
54206,CONVENCIÓN,,CATATUMBO,14277,1111196.34,8465,904541.97,4200,4265,307450.22,18542,1418646.56,0.5,google
54245,EL CARMEN,,CATATUMBO,8903,672033.16,5884,543155.31,2963,2921,208012.15,11824,880045.31,0.5,google
54250,EL TARRA,,CATATUMBO,9826,785842.8,10956,1177331.02,4485,6471,505806.12,16297,1291648.92,0.5,google
54344,HACARÍ,,CATATUMBO,6756,491249.46,4874,473920.92,3016,1858,118800.52,8614,610049.98,0.5,google
54670,SAN CALIXTO,,CATATUMBO,7736,536645.09,5360,504869.46,2128,3232,238021.17,10968,774666.26,0.5,google
54720,SARDINATA,,CATATUMBO,13388,1101394.88,10090,1112652.95,4911,5179,344018.81,18567,1445413.69,0.5,google
54800,TEORAMA,,CATATUMBO,10550,878516.47,8525,932560.89,3190,5335,414449.44,15885,1292965.91,0.5,google
54810,TIBÚ,,CATATUMBO,32843,2636703.11,35478,3569509.95,13346,22132,1599080.73,54975,4235783.84,0.5,google
70204,COLOSO,,MONTES DE MARÍA,6278,401576.28,3999,318958.43,3389,610,27743.29,6888,429319.57,0.5,google
70230,CHALÁN,,MONTES DE MARÍA,3144,206265.37,1902,151648.35,1251,651,38479.29,3795,244744.66,0.5,google
70418,LOS PALMITOS,,MONTES DE MARÍA,13792,855428.03,7011,668974.55,5128,1883,121042.79,15675,976470.82,0.5,google
70473,MORROA,,MONTES DE MARÍA,10424,651957.41,5015,511017.18,3505,1510,93827.37,11934,745784.78,0.5,google
70508,OVEJAS,,MONTES DE MARÍA,16588,1067784.7,9648,812703.19,6321,3327,189810.43,19915,1257595.13,0.5,google
70523,SAN ANTONIO DE PALMITO,,MONTES DE MARÍA,8938,498134.67,4812,377626.43,4392,420,16340.0,9358,514474.67,0.5,google
70713,SAN ONOFRE,,MONTES DE MARÍA,24614,1691975.94,17348,1490877.96,12836,4512,252527.95,29126,1944503.89,0.5,google
70823,TOLÚ VIEJO,,MONTES DE MARÍA,15330,964473.76,8333,769203.31,6706,1627,70849.29,16957,1035323.05,0.5,google
73067,ATACO,,SUR DEL TOLIMA,5354,439247.93,10931,1015117.87,1474,9457,764743.17,14811,1203991.1,0.5,google
73168,CHAPARRAL,,SUR DEL TOLIMA,18703,1719404.81,16849,1974276.54,6852,9997,748103.94,28700,2467508.75,0.5,google
73555,PLANADAS,,SUR DEL TOLIMA,7276,538085.15,11274,983316.48,1790,9484,703074.07,16760,1241159.22,0.5,google
73616,RIOBLANCO,,SUR DEL TOLIMA,1329,102859.07,9018,792319.66,397,8621,718323.33,9950,821182.4,0.5,google
76109,BUENAVENTURA,,PACÍFICO MEDIO,103890,7658352.05,33020,7138217.08,18668,14352,1262966.27,118242,8921318.32,0.5,google
76275,FLORIDA,,ALTO PATÍA Y NORTE DEL CAUCA,14231,1663995.84,8374,1625821.71,5098,3276,304081.81,17507,1968077.65,0.5,google
76563,PRADERA,,ALTO PATÍA Y NORTE DEL CAUCA,12953,1555634.34,7428,1568340.22,4650,2778,264003.75,15731,1819638.09,0.5,google
81065,ARAUQUITA,,ARAUCA,35077,2919565.44,27815,3317209.87,13146,14669,1229102.8,49746,4148668.24,0.5,google
81300,FORTUL,,ARAUCA,15564,1328203.26,9760,1155772.29,5613,4147,324004.98,19711,1652208.24,0.5,google
81736,SARAVENA,,ARAUCA,25140,1992293.37,16141,2961965.48,8135,8006,727902.21,33146,2720195.58,0.5,google
81794,TAME,,ARAUCA,35958,3183325.12,20958,2761029.83,9377,11581,1015445.25,47539,4198770.37,0.5,google
86001,MOCOA,,PUTUMAYO,22816,2242457.94,12229,2087524.91,7775,4454,316731.19,27270,2559189.13,0.5,google
86320,ORITO,,PUTUMAYO,18074,1624784.72,17840,2029245.49,6065,11775,913638.46,29849,2538423.18,0.5,google
86568,PUERTO ASÍS,,PUTUMAYO,27581,2660278.32,21234,3056417.43,11234,10000,768582.18,37581,3428860.5,0.5,google
86569,PUERTO CAICEDO,,PUTUMAYO,7768,689675.51,6093,730699.8,3143,2950,209270.96,10718,898946.47,0.5,google
86571,PUERTO GUZMÁN,,PUTUMAYO,8326,695705.79,10745,1120443.49,2915,7830,664567.7,16156,1360273.49,0.5,google
86573,LEGUÍZAMO,,PUTUMAYO,2898,218214.24,7850,967650.53,1067,6783,827819.58,9681,1046033.82,0.5,google
86757,SAN MIGUEL,,PUTUMAYO,12160,925673.03,8558,887836.75,4794,3764,267071.61,15924,1192744.64,0.5,google
86865,VALLE DEL GUAMUEZ,,PUTUMAYO,16228,1492643.42,14349,1631941.78,6016,8333,671456.62,24561,2164100.04,0.5,google
86885,VILLAGARZÓN,,PUTUMAYO,13366,1296896.82,9550,1346246.55,3765,5785,501839.92,19151,1798736.74,0.5,google
95001,SAN JOSÉ DEL GUAVIARE,,MACARENA - GUAVIARE,32695,3147419.35,21446,3099880.81,12871,8575,705893.16,41270,3853312.51,0.5,google
95015,CALAMAR,,MACARENA - GUAVIARE,5708,520488.95,5411,624786.34,1727,3684,324159.42,9392,844648.37,0.5,google
95025,EL RETORNO,,MACARENA - GUAVIARE,11332,922277.4,8453,898384.29,4238,4215,316426.92,15547,1238704.32,0.5,google
95200,MIRAFLORES,,MACARENA - GUAVIARE,3670,318022.51,1773,207860.95,967,806,54653.59,4476,372676.1,0.5,google
