codigo_mgn,nombre_municipio,google_n_edificios,google_area_total_m2,google_conf_promedio,microsoft_n_edificios,diferencia_n_edificios,ratio_google_vs_msft
47001,SANTA MARTA,183652.0,16049617.35,0.7747572757171172,,,
20001,VALLEDUPAR,171425.0,15392426.83,0.771950714306548,,,
76109,BUENAVENTURA,103890.0,7666563.16,0.7803211117528155,33104.0,70786.0,3.1383
05837,TURBO,78927.0,6047187.82,0.7841047499588227,,,
18001,FLORENCIA,58135.0,7363355.08,0.7753084183366303,26897.0,31238.0,2.1614
52835,SAN ANDRES DE TUMACO,50493.0,3778355.86,0.7791699027587983,29307.0,21186.0,1.7229
23807,TIERRALTA,43123.0,3087942.01,0.7859106416529462,,,
47189,CIÉNAGA,42068.0,3976137.59,0.7682698060283351,,,
19130,CAJIBÍO,41281.0,2578858.57,0.7883644994065067,23771.0,17510.0,1.7366
19256,EL TAMBO,38900.0,2452836.82,0.7811532982005142,34366.0,4534.0,1.1319
13244,EL CARMEN DE BOLÍVAR,38386.0,2552167.74,0.7788306127233888,,,
05045,APARTADÓ,36337.0,3606578.04,0.7734313592206291,,,
81794,TAME,35958.0,3200496.79,0.7837573446799043,,,
19698,SANTANDER DE QUILICHAO,35691.0,3851788.72,0.7833725785211958,30842.0,4849.0,1.1572
81065,ARAUQUITA,35077.0,2934442.32,0.7865062804686832,,,
20013,AGUSTÍN CODAZZI,34733.0,2714606.04,0.7846586013301472,,,
54810,TIBÚ,32843.0,2651924.01,0.7892636056389489,,,
95001,SAN JOSÉ DEL GUAVIARE,32695.0,3166336.55,0.7858066829790488,21446.0,11249.0,1.5245
05490,NECOCLÍ,32183.0,2344790.56,0.7863920858838517,,,
19473,MORALES,31057.0,1969077.44,0.7866434394822424,16396.0,14661.0,1.8942
47288,FUNDACIÓN,30591.0,2535488.89,0.7804544114281978,,,
05154,CAUCASIA,30474.0,2771754.28,0.7742826475027892,,,
44650,SAN JUAN DEL CESAR,28564.0,2022584.94,0.7824434462960369,,,
23466,MONTELÍBANO,28089.0,2516769.79,0.7751061020328243,,,
86568,PUERTO ASÍS,27581.0,2666420.48,0.7818945759762156,21234.0,6347.0,1.2989
81736,SARAVENA,25140.0,2003241.66,0.7791770206841687,,,
23855,VALENCIA,25094.0,1716361.82,0.7816751135729656,,,
70713,SAN ONOFRE,24614.0,1698411.91,0.7812478630047941,,,
44279,FONSECA,23632.0,1706897.42,0.7849059918754231,,,
44090,DIBULLA,23094.0,1327103.77,0.7657824110158482,,,
86001,MOCOA,22816.0,2246954.44,0.7615199991234222,12229.0,10587.0,1.8657
05665,SAN PEDRO DE URABA,22034.0,1644754.8,0.7858836071525824,,,
13657,SAN JUAN NEPOMUCENO,21831.0,1446954.32,0.7803491502908707,,,
18753,SAN VICENTE DEL CAGUÁN,21599.0,2561137.07,0.7852142599194406,23587.0,-1988.0,0.9157
13442,MARÍA LA BAJA,20569.0,1460888.03,0.7811707132091983,,,
20621,LA PAZ,20413.0,1379884.49,0.7758110125900162,,,
20400,LA JAGUA DE IBIRICO,20110.0,1649721.48,0.7776224167081055,,,
47053,ARACATACA,19780.0,1714790.68,0.7789224924165824,,,
13688,SANTA ROSA DEL SUR,18908.0,1491495.83,0.7915588269515549,,,
05172,CHIGORODÓ,18871.0,1883085.16,0.7787525727306449,,,
73168,CHAPARRAL,18703.0,1726520.21,0.7731384483772658,16848.0,1855.0,1.1101
86320,ORITO,18074.0,1627162.77,0.7850301372136771,17840.0,234.0,1.0131
19532,PATÍA,17995.0,1499369.19,0.7852134037232564,11030.0,6965.0,1.6315
05147,CAREPA,16657.0,1726619.67,0.7787213483820616,,,
70508,OVEJAS,16588.0,1072348.97,0.7740009946949603,,,
86865,VALLE DEL GUAMUEZ,16228.0,1494716.33,0.786876682277545,14349.0,1879.0,1.1309
05736,SEGOVIA,16158.0,1196185.71,0.772224749350167,,,
18150,CARTAGENA DEL CHAIRÁ,15932.0,1858541.03,0.7906614486567913,14037.0,1895.0,1.135
20570,PUEBLO BELLO,15833.0,988961.25,0.7751118549864208,,,
13670,SAN PABLO,15636.0,1120368.62,0.7817641404451267,,,
81300,FORTUL,15564.0,1335399.01,0.7888706887689539,,,
19137,CALDONO,15303.0,1237894.11,0.7824669803306541,12546.0,2757.0,1.2198
05250,EL BAGRE,14768.0,1314787.03,0.7679435604008668,,,
13654,SAN JACINTO,14706.0,976381.31,0.7784804841561268,,,
23580,PUERTO LIBERTADOR,14553.0,1132287.2,0.7800528619528619,,,
19780,SUÁREZ,14544.0,892501.94,0.78427675330033,10556.0,3988.0,1.3778
54206,CONVENCIÓN,14277.0,1117605.38,0.7706273236674371,,,
76275,FLORIDA,14231.0,1668702.76,0.7697713161408193,8375.0,5856.0,1.6992
70418,LOS PALMITOS,13792.0,859065.11,0.780619061774942,,,
19050,ARGELIA,13691.0,976886.81,0.7758452998320065,9940.0,3751.0,1.3774
19110,BUENOS AIRES,13439.0,1082014.32,0.7916001934667758,11444.0,1995.0,1.1743
54720,SARDINATA,13388.0,1107797.79,0.7756514639976098,,,
86885,VILLAGARZÓN,13366.0,1299571.08,0.780040573095915,9550.0,3816.0,1.3996
05604,REMEDIOS,13248.0,963031.32,0.776231755736715,,,
20045,BECERRIL,12958.0,928065.51,0.7814006559654267,,,
76563,PRADERA,12953.0,1560035.02,0.7696029414035359,7428.0,5525.0,1.7438
19075,BALBOA,12679.0,882803.26,0.7855162157898888,8853.0,3826.0,1.4322
05120,CÁCERES,12425.0,972547.31,0.7781822857142857,,,
41020,ALGECIRAS,12338.0,1130462.73,0.7701071567514994,8278.0,4060.0,1.4905
18592,PUERTO RICO,12306.0,1327657.96,0.7833698114740777,11430.0,876.0,1.0766
19142,CALOTO,12220.0,1291821.49,0.7948248199672667,9562.0,2658.0,1.278
20750,SAN DIEGO,12205.0,904327.25,0.7755407701761573,,,
86757,SAN MIGUEL,12160.0,927004.6,0.7831234457236842,8558.0,3602.0,1.4209
13473,MORALES,11982.0,881383.34,0.7866211901185111,,,
19450,MERCADERES,11486.0,905417.38,0.7837605084450635,7167.0,4319.0,1.6026
19821,TORIBIO,11452.0,781204.89,0.7855486989172197,10253.0,1199.0,1.1169
05790,TARAZÁ,11438.0,817098.43,0.7750246022031825,,,
95025,EL RETORNO,11332.0,927765.43,0.779371637839746,8453.0,2879.0,1.3406
05895,ZARAGOZA,11188.0,732546.09,0.7683821862710047,,,
13744,SIMITÍ,11018.0,842676.78,0.782377527681975,,,
05893,YONDÓ,10688.0,890286.77,0.7764157092065868,,,
54800,TEORAMA,10550.0,883596.13,0.7807728151658768,,,
19212,CORINTO,10517.0,904082.28,0.7782594941523249,8784.0,1733.0,1.1973
70473,MORROA,10424.0,654654.86,0.7891905794320798,,,
19455,MIRANDA,10353.0,1214712.67,0.7853661740558292,6625.0,3728.0,1.5627
13212,CÓRDOBA,10271.0,677377.65,0.7746357998247493,,,
50350,LA MACARENA,9900.0,1060861.99,0.7922116666666666,12895.0,-2995.0,0.7677
54250,EL TARRA,9826.0,790395.83,0.7839741298595563,,,
18410,LA MONTAÑITA,9501.0,931508.71,0.7774844121671403,7701.0,1800.0,1.2337
50590,PUERTO RICO,9290.0,750737.81,0.7734720452099031,7422.0,1868.0,1.2517
18247,EL DONCELLO,9151.0,1184181.67,0.7766327395913015,5815.0,3336.0,1.5737
05361,ITUANGO,9063.0,627500.59,0.7652207767847291,,,
54245,EL CARMEN,8903.0,675892.62,0.773194249129507,,,
86571,PUERTO GUZMÁN,8326.0,697891.91,0.7827610377131876,10746.0,-2420.0,0.7748
86569,PUERTO CAICEDO,7768.0,691167.94,0.7869125128733264,6093.0,1675.0,1.2749
54670,SAN CALIXTO,7736.0,539756.57,0.7820703464322647,,,
05234,DABEIBA,7696.0,506171.25,0.7632700363825363,,,
05040,ANORÍ,7652.0,494523.08,0.7754495687401987,,,
52540,POLICARPA,7628.0,506410.02,0.7796662821185107,5303.0,2325.0,1.4384
52256,EL ROSARIO,7594.0,450714.42,0.7852827627074005,4855.0,2739.0,1.5642
73555,PLANADAS,7276.0,540162.27,0.7585172759758109,11274.0,-3998.0,0.6454
52418,LOS ANDES,7184.0,417656.86,0.7658053034521157,3875.0,3309.0,1.8539
13042,ARENAL,7022.0,494683.71,0.7805228424950157,,,
50325,MAPIRIPÁN,6776.0,516069.95,0.7748255165289256,4059.0,2717.0,1.6694
27361,ISTMINA,6766.0,670172.07,0.7856862843629915,732.0,6034.0,9.2432
54344,HACARÍ,6756.0,494104.11,0.7916170071047958,,,
50577,PUERTO LLERAS,6595.0,577680.31,0.7710042304776346,5569.0,1026.0,1.1842
19364,JAMBALÓ,6514.0,414810.28,0.7897448111759289,5065.0,1449.0,1.2861
19318,GUAPI,6403.0,536560.44,0.7981742620646571,5344.0,1059.0,1.1982
27006,ACANDÍ,6395.0,463518.25,0.7914735261923378,,,
05854,VALDIVIA,6329.0,440097.91,0.776170358666456,,,
18256,EL PAUJIL,6283.0,739350.75,0.7698970555467134,4686.0,1597.0,1.3408
70204,COLOSO,6278.0,403210.04,0.7796783370500159,,,
52079,BARBACOAS,6234.0,449886.43,0.7875701796599294,8429.0,-2195.0,0.7396
52405,LEIVA,6096.0,393389.34,0.7793817749343831,3980.0,2116.0,1.5317
13894,ZAMBRANO,6080.0,442715.85,0.7824061019736842,,,
20443,MANAURE BALCÓN DEL CESAR,5951.0,463738.48,0.7875850445303311,,,
19809,TIMBIQUÍ,5938.0,450636.37,0.7973259009767599,5178.0,760.0,1.1468
50450,PUERTO CONCORDIA,5893.0,473164.99,0.783954675038181,3682.0,2211.0,1.6005
50330,MESETAS,5795.0,537491.67,0.7812485073339086,6706.0,-911.0,0.8642
18756,SOLANO,5708.0,578277.29,0.7891108269096005,5449.0,259.0,1.0475
95015,CALAMAR,5708.0,523636.79,0.7878291695865451,5411.0,297.0,1.0549
05480,MUTATÁ,5537.0,469386.35,0.7825468304135814,,,
27800,UNGUÍA,5418.0,453286.19,0.7943950904392764,,,
73067,ATACO,5354.0,441125.7,0.7732736085169966,10931.0,-5577.0,0.4898
52233,CUMBITARA,5350.0,356303.79,0.7777105046728972,3975.0,1375.0,1.3459
18094,BELÉN DE LOS ANDAQUÍES,5328.0,574651.09,0.774428003003003,3765.0,1563.0,1.4151
18610,SAN JOSÉ DEL FRAGUA,5240.0,526616.88,0.7730810114503817,4850.0,390.0,1.0804
52250,EL CHARCO,5210.0,368163.65,0.7932840499040307,6503.0,-1293.0,0.8012
13248,EL GUAMO,4923.0,370485.52,0.7795361568149503,,,
18860,VALPARAÍSO,4922.0,539052.76,0.7783703575782203,4367.0,555.0,1.1271
13160,CANTAGALLO,4822.0,338994.19,0.7793388013272501,,,
23682,SAN JOSE DE URE,4028.0,272113.41,0.7839533763654419,,,
18205,CURILLO,3856.0,397887.93,0.7813607624481328,2503.0,1353.0,1.5406
95200,MIRAFLORES,3670.0,319843.5,0.779669863760218,1773.0,1897.0,2.0699
18460,MILÁN,3630.0,364726.24,0.773929173553719,3690.0,-60.0,0.9837
50370,URIBE,3567.0,296075.23,0.7872993271656854,6705.0,-3138.0,0.532
05107,BRICEÑO,3565.0,209040.43,0.7709585133239831,,,
05495,NECHÍ,3492.0,231978.01,0.7709954180985108,,,
70230,CHALÁN,3144.0,207116.88,0.78057868956743,,,
18029,ALBANIA,3012.0,330966.91,0.7803703519256309,2096.0,916.0,1.437
18785,SOLITA,2992.0,307796.35,0.7787127673796792,2508.0,484.0,1.193
05031,AMALFI,2983.0,185639.22,0.774049513912169,,,
52427,MAGÜI,2548.0,234789.7,0.7946303375196233,3442.0,-894.0,0.7403
18479,MORELIA,2402.0,275623.69,0.7731283513738552,1558.0,844.0,1.5417
52390,LA TOLA,2009.0,157536.02,0.78311662518666,1510.0,499.0,1.3305
52696,SANTA BÁRBARA,1505.0,105312.09,0.794738073089701,2488.0,-983.0,0.6049
73616,RIOBLANCO,1329.0,103228.07,0.7670369450714823,9018.0,-7689.0,0.1474
52490,OLAYA HERRERA,1208.0,72979.98,0.767541142384106,4394.0,-3186.0,0.2749
27615,RIOSUCIO,1000.0,55753.4,0.8022809,,,
52520,FRANCISCO PIZARRO,656.0,41568.57,0.7808974085365853,1845.0,-1189.0,0.3556
52473,MOSQUERA,597.0,39843.58,0.7881623115577889,1731.0,-1134.0,0.3449
52621,ROBERTO PAYÁN,364.0,24371.21,0.7736326923076924,2501.0,-2137.0,0.1455
27425,MEDIO ATRATO,313.0,19454.59,0.7645038338658148,,,
27250,EL LITORAL DEL SAN JUAN,309.0,38160.4,0.8086174757281553,1690.0,-1381.0,0.1828
27150,CARMEN DEL DARIEN,281.0,12634.63,0.7895046263345196,,,
27205,CONDOTO,239.0,18041.43,0.7857673640167363,,,
52612,RICAURTE,196.0,10836.32,0.7884326530612246,4878.0,-4682.0,0.0402
27745,SIPÍ,1.0,9.87,0.6651,653.0,-652.0,0.0015
27450,MEDIO SAN JUAN,,,,1027.0,,
27491,NÓVITA,,,,452.0,,
